Date,Open,High,Low,Close,Adj Close,Volume
7/31/2014,23,24,22.6,23,21.73275,56483900
8/1/2014,22.9,23,22.67,23,21.73275,6458900
8/4/2014,23.1,23.129999,22.9,23,21.73275,3455900
8/5/2014,22.99,23.01,22.67,23,21.73275,4450200
8/6/2014,22.799999,22.98,22.67,22.98,21.71385,6993400
8/7/2014,22.889999,23,22.799999,22.93,21.666607,3186900
8/8/2014,22.93,23.030001,22.799999,22.950001,21.685505,2855000
8/11/2014,22.9,22.93,22.799999,22.93,21.666607,1767500
8/12/2014,22.889999,23,22.83,23,21.73275,1549700
8/13/2014,23,23.23,22.879999,23.18,21.902832,1659100
8/14/2014,23.200001,23.219999,22.950001,23.01,21.742197,1391700
8/15/2014,23.02,23.08,23,23,21.73275,1948100
8/18/2014,23.059999,23.17,23.02,23.17,21.893381,1073700
8/19/2014,23.200001,24.434999,23.200001,24.41,23.06506,2851800
8/20/2014,24.299999,25.59,24.26,25.190001,23.802086,3544500
8/21/2014,25.469999,25.52,24.92,25.389999,23.991062,2358000
8/22/2014,25.25,25.43,25.1,25.360001,23.962719,891600
8/25/2014,25.370001,25.4,24.879999,25.120001,23.735945,1185400
8/26/2014,25,25.1,24.940001,25.049999,23.669796,951000
8/27/2014,25,25.540001,24.950001,25.469999,24.06666,1230600
8/28/2014,25.4,25.84,25.309999,25.690001,24.274538,981700
8/29/2014,25.809999,25.940001,25.450001,25.790001,24.369026,981200
9/2/2014,25.700001,25.9,25.52,25.790001,24.369026,1873200
9/3/2014,25.99,25.997,25.629999,25.790001,24.369026,996500
9/4/2014,25.530001,25.75,25.51,25.700001,24.283985,1117500
9/5/2014,25.700001,26.02,25.620001,25.77,24.350128,1089800
9/8/2014,25.82,25.98,24.620001,24.84,23.471371,2534800
9/9/2014,25.299999,25.6,24.700001,25.040001,23.660347,3608600
9/10/2014,25.190001,25.305,24.690001,24.700001,23.339085,1974600
9/11/2014,24.75,25.02,24.629999,24.65,23.291836,2029100
9/12/2014,24.530001,24.75,24.440001,24.5,23.150105,1106800
9/15/2014,24.35,24.379999,23.92,24.15,22.819386,1125600
9/16/2014,24.24,24.360001,23.879999,24.309999,22.970568,1512100
9/17/2014,24.450001,24.690001,24.360001,24.549999,23.197348,940400
9/18/2014,24.57,24.84,24.559999,24.67,23.310734,879100
9/19/2014,24.85,25.49,24.709999,25.41,24.00996,5257900
9/22/2014,25.280001,25.360001,24.75,24.84,23.471371,737000
9/23/2014,24.66,24.700001,24.18,24.58,23.225695,940000
9/24/2014,24.73,25,24.674999,24.92,23.546965,964600
9/25/2014,24.98,24.98,24.610001,24.629999,23.272938,1350800
9/26/2014,24.610001,24.799999,24.34,24.77,23.405228,1252800
9/29/2014,24.57,24.775,24.34,24.700001,23.339085,1482000
9/30/2014,24.870001,25.120001,24.209999,24.549999,23.197348,8795100
10/1/2014,24.440001,24.59,24.18,24.219999,22.885532,1196600
10/2/2014,24.35,24.690001,23.76,24.58,23.225695,1253000
10/3/2014,24.780001,25.09,24.41,24.83,23.461918,1737500
10/6/2014,24.860001,25.105,24.75,25,23.622553,1057100
10/7/2014,24.940001,24.966999,24.549999,24.85,23.480818,803600
10/8/2014,24.809999,25.02,24.700001,25.02,23.641451,1074500
10/9/2014,25.02,25.059999,24.43,24.549999,23.197348,2536300
10/10/2014,24.5,24.719999,24.139999,24.200001,22.866634,1561700
10/13/2014,24.26,24.77,24.200001,24.459999,23.112305,1726100
10/14/2014,24.629999,24.950001,24.58,24.85,23.480818,1036400
10/15/2014,24.74,24.969999,24.030001,24.52,23.169001,1529300
10/16/2014,24.200001,24.799999,24.129999,24.6,23.244595,1889000
10/17/2014,24.719999,25.1,24.65,24.780001,23.414679,981700
10/20/2014,24.75,24.855,24.4,24.709999,23.348532,938300
10/21/2014,24.77,25.26,24.709999,25.17,23.783186,1699700
10/22/2014,25.25,25.450001,25.15,25.379999,23.981611,1546100
10/23/2014,25.469999,25.91,25.440001,25.809999,24.387922,970100
10/24/2014,25.75,26.360001,25.75,26.110001,24.671396,1223100
10/27/2014,26.08,26.794001,26.02,26.530001,25.068256,1011400
10/28/2014,26.73,27.103001,26.603001,26.85,25.370623,1002300
10/29/2014,26.809999,27.08,26.67,27,25.512358,730100
10/30/2014,27.08,27.448,26.51,26.790001,25.313931,1038900
10/31/2014,27.049999,27.110001,26.85,27.02,25.531256,934600
11/3/2014,27.08,27.76,26.85,27.34,25.83362,983700
11/4/2014,27.299999,27.450001,26.25,27.01,25.521805,999300
11/5/2014,27.190001,27.5,26.701,27.469999,25.956461,587300
11/6/2014,27.51,27.77,27.27,27.58,26.060402,993100
11/7/2014,27.719999,28.17,27.25,28.15,26.598995,1165800
11/10/2014,28.23,28.870001,28,28.77,27.184832,1474200
11/11/2014,28.799999,29.26,28.700001,29.110001,27.506102,1643700
11/12/2014,29,29.16,28.641001,29.030001,27.43051,1033700
11/13/2014,29.01,29.23,28.82,28.99,27.392714,1656800
11/14/2014,28.92,29.559999,28.85,29.049999,27.449408,1912000
11/17/2014,29.049999,29.25,28.83,29.129999,27.524994,1010300
11/18/2014,29.209999,29.43,28.785,28.950001,27.354916,948900
11/19/2014,28.99,29,28.65,28.940001,27.345469,2141800
11/20/2014,28.959999,29.35,28.91,29.24,27.628941,1300600
11/21/2014,29.299999,29.4,29.01,29.17,27.562796,1003900
11/24/2014,29.27,29.41,28.85,28.969999,27.373812,1177500
11/25/2014,28.93,29.32,28.030001,28.66,27.080896,5938500
11/26/2014,28.83,29.08,28.74,28.799999,27.213181,1327400
11/28/2014,28.75,29.030001,28.75,29.01,27.411613,425200
12/1/2014,29,29.129999,28.73,28.879999,27.288774,1020800
12/2/2014,28.940001,29.305,28.886999,29.049999,27.449408,1091100
12/3/2014,29.120001,29.139999,28.9,29,27.402161,730200
12/4/2014,29.01,29.34,28.91,29.15,27.543896,829000
12/5/2014,29.280001,29.290001,28.93,29.25,27.638388,818700
12/8/2014,29.290001,29.84,29.02,29.51,27.884064,1644100
12/9/2014,29.530001,29.635,29.198,29.52,27.893513,1085700
12/10/2014,29.549999,29.9,29.5,29.65,28.016346,760000
12/11/2014,29.67,30,29.431999,29.52,27.893513,1057900
12/12/2014,29.33,29.48,28.93,29,27.402161,1632500
12/15/2014,29.15,29.209999,28.16,28.629999,27.052546,1310500
12/16/2014,28.6,28.66,28.15,28.440001,26.873016,2238500
12/17/2014,28.52,28.99,28.32,28.9,27.307673,1311900
12/18/2014,29.379999,29.879999,28.940001,29.75,28.11084,1015700
12/19/2014,29.82,30.049999,29.790001,30,28.347065,1337500
12/22/2014,29.610001,29.969999,29.504999,29.85,28.205328,770300
12/23/2014,30.040001,30.299999,29.719999,30,28.347065,504100
12/24/2014,30.110001,30.17,29.969999,30.110001,28.451004,78600
12/26/2014,30.17,30.620001,30.066,30.5,28.819511,426500
12/29/2014,30.450001,30.639999,30.27,30.459999,28.781717,296100
12/30/2014,30.49,30.5,29.889999,30,28.347065,517800
12/31/2014,30.110001,30.129999,29.68,29.75,28.11084,430000
1/2/2015,29.790001,29.799999,29.35,29.48,27.855711,580000
1/5/2015,29.379999,29.620001,28.68,29.25,27.638388,1593900
1/6/2015,29.4,29.43,28.450001,28.85,27.260427,2198300
1/7/2015,29.52,29.68,28.91,29.200001,27.591141,1365100
1/8/2015,29.530001,30.1,29.49,29.98,28.328167,835000
1/9/2015,30.07,30.07,29.49,29.700001,28.063591,477600
1/12/2015,29.76,29.799999,29.530001,29.530001,27.90296,754700
1/13/2015,29.77,30,29.459999,29.709999,28.073044,629700
1/14/2015,29.389999,29.6,29.07,29.15,27.543896,866800
1/15/2015,29.190001,29.25,27.92,28.52,26.94861,1093700
1/16/2015,28.34,29.049999,28.205999,28.99,27.392714,425200
1/20/2015,28.99,29.195,28.610001,29.1,27.496653,958200
1/21/2015,29.1,29.290001,28.969999,29.18,27.572247,863700
1/22/2015,29.219999,29.5,28.43,29.049999,27.449408,2514800
1/23/2015,30,32,29,30.969999,29.26362,3170800
1/26/2015,30.799999,31.459999,30.719999,31.33,29.603781,3123200
1/27/2015,31.190001,31.5,30.889999,31.32,29.594336,1401800
1/28/2015,31.76,31.76,31.1,31.25,29.528191,1038100
1/29/2015,31.219999,31.49,31,31.23,29.509291,1383400
1/30/2015,31.110001,31.33,30.77,30.860001,29.159679,1255100
2/2/2015,30.84,31.190001,30.690001,31.16,29.443148,758800
2/3/2015,31.299999,31.5,30.959999,31.129999,29.414803,919900
2/4/2015,31.110001,31.379999,30.98,31.25,29.528191,1276200
2/5/2015,31.27,32.080002,31.129999,32,30.236868,1114100
2/6/2015,32.07,32.68,31.965,32.139999,30.369154,1115900
2/9/2015,32.119999,32.404999,32.009998,32.400002,30.614828,1118100
2/10/2015,32.619999,33.130001,32.369999,33.110001,31.285707,2354000
2/11/2015,33.25,33.610001,33.009998,33.549999,31.701468,2110800
2/12/2015,33.740002,33.959999,33.529999,33.610001,31.75816,2334600
2/13/2015,33.389999,33.57,32.619999,32.799999,30.992792,1234700
2/17/2015,32.799999,32.810001,31.85,31.92,30.161274,1728000
2/18/2015,31.799999,32.200001,31.75,31.91,30.151827,1054500
2/19/2015,31.940001,32.080002,31.790001,31.879999,30.123476,556200
2/20/2015,31.959999,32.77,31.674999,32.59,30.794357,2082300
2/23/2015,32.560001,32.710999,32.25,32.619999,30.822704,868700
2/24/2015,32.459999,33,31.91,32.360001,30.577034,1028800
2/25/2015,32.330002,32.59,32.099998,32.290001,30.510887,672500
2/26/2015,32.529999,32.709999,32.360001,32.450001,30.662073,356800
2/27/2015,32.369999,32.549999,31.93,31.950001,30.189623,553100
3/2/2015,31.950001,32.040001,31.221001,31.959999,30.199074,785700
3/3/2015,32.16,32.25,31.85,32.139999,30.369154,484600
3/4/2015,32.049999,32.049999,31.82,31.889999,30.132927,437100
3/5/2015,31.98,32.470001,31.780001,31.959999,30.199074,486000
3/6/2015,31.940001,32,31.190001,31.200001,29.480946,694100
3/9/2015,31.34,32.154999,31.25,31.98,30.217972,776300
3/10/2015,31.799999,31.93,31.084999,31.1,29.386459,912300
3/11/2015,31.25,31.719999,31.110001,31.549999,29.811659,588900
3/12/2015,31.780001,32.02,31.559999,31.889999,30.132927,503200
3/13/2015,31.870001,31.940001,31.26,31.82,30.066786,889900
3/16/2015,32,32,31.790001,31.950001,30.189623,628200
3/17/2015,31.68,32.439999,31.58,32.23,30.454197,818500
3/18/2015,32.209999,32.209999,31.629999,31.92,30.161274,630600
3/19/2015,31.92,32.400002,31.84,32.369999,30.586481,657000
3/20/2015,32.5,32.884998,32.209999,32.25,30.473095,1497200
3/23/2015,32.189999,32.529999,31.77,31.780001,30.028988,653900
3/24/2015,31.780001,31.92,31.5,31.65,29.906151,723600
3/25/2015,31.379999,31.51,30.83,30.92,29.216373,1175400
3/26/2015,31.01,31.030001,30.370001,30.610001,28.923458,887900
3/27/2015,30.74,30.74,29.93,30.059999,28.403755,960600
3/30/2015,30.16,30.41,30.059999,30.290001,28.621088,577200
3/31/2015,30.24,30.49,29.969999,30.35,28.67778,1384200
4/1/2015,30.129999,30.690001,29.91,30.41,28.734472,1138700
4/2/2015,30.4,30.709999,30.24,30.610001,28.923458,841400
4/6/2015,30.5,30.83,29.690001,29.84,28.195879,1070800
4/7/2015,30.129999,30.719999,29.5,29.76,28.120291,1467400
4/8/2015,29.799999,30.15,29.728001,29.969999,28.318718,734300
4/9/2015,30.02,30.35,29.9,30.139999,28.479347,839500
4/10/2015,30.24,30.75,30.15,30.59,28.904556,1287800
4/13/2015,30.51,30.805,30.4,30.639999,28.951801,1199500
4/14/2015,30.67,30.84,30.51,30.52,28.838415,806500
4/15/2015,30.51,30.809999,30.48,30.68,28.989595,389900
4/16/2015,30.700001,30.940001,30.299999,30.77,29.07464,1208000
4/17/2015,31,31,30.219999,30.52,28.838415,1361200
4/20/2015,31.1,31.280001,30.6,30.9,29.197475,2179500
4/21/2015,30.98,31.35,30.9,31.200001,29.480946,1879800
4/22/2015,31.799999,32.040001,31.02,31.040001,29.329765,2040200
4/23/2015,31.52,31.549999,30.83,30.959999,29.254169,1391300
4/24/2015,30.93,31.120001,30.629999,30.82,29.121883,661700
4/27/2015,30.83,31.01,30.559999,30.620001,28.932903,625500
4/28/2015,30.809999,30.879999,30.5,30.66,28.970697,567400
4/29/2015,30.57,31.059999,30.27,30.74,29.046295,1600200
4/30/2015,30.709999,31.4,30.639999,31.15,29.433699,1228600
5/1/2015,31.389999,31.549999,31.245001,31.52,29.783316,594800
5/4/2015,31.549999,31.719999,31.450001,31.709999,29.962847,610000
5/5/2015,31.9,32.25,31.74,31.940001,30.180174,1271600
5/6/2015,32.169998,32.23,31.780001,32.09,30.321909,943300
5/7/2015,32.060001,32.66,31.809999,32.650002,30.851057,1095500
5/8/2015,32.73,33.209999,32.639999,33.200001,31.370749,935900
5/11/2015,33.169998,33.310001,32.785,32.889999,31.077829,549200
5/12/2015,32.34,33.34,32.040001,33.119999,31.295155,2022500
5/13/2015,33.119999,33.419998,32.740002,32.900002,31.087282,1075800
5/14/2015,32.98,33.130001,32.369999,32.77,30.964445,1449000
5/15/2015,32.860001,32.904999,31.764999,31.809999,30.057337,1300100
5/18/2015,31.82,31.870001,31.5,31.84,30.085686,796500
5/19/2015,31.84,32.060001,31.799999,32.060001,30.293564,743100
5/20/2015,32.189999,32.759998,31.986,32.650002,30.851057,634500
5/21/2015,32.59,32.779999,32.389999,32.470001,30.680969,430400
5/22/2015,32.41,32.700001,32.169998,32.5,30.709318,360600
5/26/2015,32.459999,32.5,31.870001,32.119999,30.350252,565500
5/27/2015,32.130001,32.599998,32.099998,32.459999,30.671522,346100
5/28/2015,32.330002,32.66,32.25,32.529999,30.737669,355800
5/29/2015,32.560001,32.59,32.125,32.290001,30.510887,821900
6/1/2015,32.360001,32.619999,31.9,32.41,30.624277,483000
6/2/2015,32.279999,32.77,32.259998,32.650002,30.851057,466700
6/3/2015,32.689999,33.619999,32.509998,33.18,31.351852,1834900
6/4/2015,33.040001,33.110001,32.674999,32.75,30.945543,793000
6/5/2015,32.849998,32.889999,32.509998,32.799999,30.992792,319000
6/8/2015,32.790001,32.799999,32.584999,32.650002,30.851057,482200
6/9/2015,32.619999,32.919998,32.5,32.860001,31.049486,699900
6/10/2015,32.970001,33.34,32.82,33.299999,31.465242,731200
6/11/2015,33.290001,33.880001,33.16,33.220001,31.389648,1152200
6/12/2015,33.169998,33.400002,32.860001,33.119999,31.295155,489000
6/15/2015,32.919998,33.139999,32.529999,32.970001,31.153427,1670500
6/16/2015,33,33.16,32.445,32.5,30.709318,632000
6/17/2015,32.599998,32.990002,32.439999,32.75,30.945543,497600
6/18/2015,32.799999,33.139999,32.689999,32.82,31.011688,590500
6/19/2015,32.91,32.970001,32.689999,32.919998,31.106176,492100
6/22/2015,33.029999,33.25,32.77,32.91,31.096727,459000
6/23/2015,32.990002,33.279999,32.91,32.990002,31.172321,664600
6/24/2015,32.990002,33.205002,32.709999,32.759998,30.95499,521700
6/25/2015,32.860001,32.860001,32.43,32.810001,31.002243,705700
6/26/2015,32.880001,33.16,32.5,32.700001,30.898296,2129400
6/29/2015,32.419998,32.560001,32.169998,32.23,30.454197,738700
6/30/2015,32.560001,33.044998,32.374001,32.93,31.115633,911600
7/1/2015,33.099998,33.330002,32.830002,33.32,31.484137,570100
7/2/2015,33.369999,33.380001,32.950001,33.139999,31.314056,490000
7/6/2015,32.91,32.91,32.32,32.5,30.709318,1133400
7/7/2015,32.610001,32.790001,32.169998,32.5,30.709318,1575200
7/8/2015,32.439999,32.459999,31.945,32.009998,30.246317,621500
7/9/2015,32.560001,32.970001,32.380001,32.599998,30.80381,811700
7/10/2015,32.900002,33.380001,32.720001,33.07,31.247917,727200
7/13/2015,33.330002,33.5,32.939999,33.349998,31.512487,1054600
7/14/2015,33.380001,33.93,33.25,33.77,31.909344,999800
7/15/2015,33.900002,34.365002,33.630001,34.139999,32.258949,831000
7/16/2015,34.259998,34.459999,34.07,34.130001,32.249516,636200
7/17/2015,34.5,35.73,34.189999,35.080002,33.147171,1234000
7/20/2015,35.299999,36.209999,35.299999,35.990002,34.007027,1192800
7/21/2015,36.02,36.400002,35.566002,35.610001,33.647964,822100
7/22/2015,35.580002,35.880001,35.07,35.68,33.714104,784600
7/23/2015,35.84,36.07,35.43,35.630001,33.666866,507300
7/24/2015,35.529999,35.669998,34.630001,34.68,32.769207,831300
7/27/2015,34.619999,34.900002,34.27,34.619999,32.712509,487500
7/28/2015,34.75,34.889999,33.98,34.23,32.343998,1762100
7/29/2015,34.27,34.709999,34.195999,34.48,32.580227,1141700
7/30/2015,34.580002,34.810001,34.200001,34.599998,32.693611,989100
7/31/2015,34.610001,34.759998,34.349998,34.360001,32.466839,941800
8/3/2015,34.43,34.540001,34.16,34.360001,32.466839,569100
8/4/2015,34.369999,34.799999,34.299999,34.41,32.514088,1227500
8/5/2015,34.599998,34.779999,34.25,34.560001,32.655815,919700
8/6/2015,34.779999,34.82,34.029999,34.130001,32.249516,631600
8/7/2015,34.060001,34.209999,33.435001,33.98,32.107773,646500
8/10/2015,34.119999,34.639999,34.029999,34.619999,32.712509,504500
8/11/2015,34.59,34.68,34.119999,34.669998,32.759754,942900
8/12/2015,34.669998,35,34.259998,34.959999,33.033775,1265500
8/13/2015,34.959999,35.349998,34.720001,35.16,33.222759,796800
8/14/2015,35.5,35.5,34.790001,35.139999,33.203857,529500
8/17/2015,34.860001,35.349998,34.5,35.32,33.373947,505700
8/18/2015,35.27,35.459999,34.98,35.139999,33.203857,567200
8/19/2015,34.880001,35.27,34.43,34.959999,33.033775,669100
8/20/2015,34.619999,34.685001,34.16,34.360001,32.466839,1342300
8/21/2015,33.900002,34.18,33.605,33.720001,31.862103,2185400
8/24/2015,32.220001,33.66,30.27,33.150002,31.323503,3017000
8/25/2015,33.73,33.970001,32.610001,32.990002,31.172321,2338100
8/26/2015,33.450001,33.450001,32.23,32.669998,30.869951,2290500
8/27/2015,32.990002,32.990002,31.82,32.330002,30.548687,2728200
8/28/2015,32.110001,32.77,31.92,32.650002,30.851057,1804000
8/31/2015,32.759998,33.259998,32.470001,32.950001,31.134531,1534700
9/1/2015,32.540001,32.700001,31.59,31.709999,29.962847,2032900
9/2/2015,31.889999,32.251999,31.33,31.790001,30.038441,1138200
9/3/2015,32.09,32.348999,31.848,32.189999,30.416401,920300
9/4/2015,31.73,32.099998,31.34,31.6,29.85891,1590400
9/8/2015,32.009998,32.380001,31.82,32.279999,30.50144,1969600
9/9/2015,32.59,32.830002,32.029999,32.130001,30.359705,3837200
9/10/2015,31.68,32.240002,31.370001,32.09,30.321909,2324200
9/11/2015,31.98,32.16,30.9,31.33,29.603781,2728300
9/14/2015,31.25,31.629999,30.82,31.17,29.452599,3086700
9/15/2015,31.09,31.280001,30.790001,31.120001,29.405355,2336400
9/16/2015,30.77,31.084999,30.33,30.879999,29.178577,2265400
9/17/2015,30.809999,31.33,30.67,30.77,29.07464,1058900
9/18/2015,30.51,30.700001,30.120001,30.559999,28.876209,2032200
9/21/2015,30.559999,31,30.25,30.870001,29.169128,1573300
9/22/2015,30.719999,30.82,30.200001,30.58,28.895103,1376900
9/23/2015,30.66,31.08,30.49,31.059999,29.348658,996300
9/24/2015,30.700001,31.110001,30.540001,30.83,29.13133,1002700
9/25/2015,31.059999,31.200001,30.860001,31.030001,29.320313,552800
9/28/2015,31,31.34,30.42,31.16,29.443148,1128800
9/29/2015,31.07,31.299999,30.790001,31.040001,29.329765,890900
9/30/2015,31.370001,31.73,30.93,31.299999,29.575438,2178400
10/1/2015,31.309999,31.58,31.120001,31.379999,29.651028,858800
10/2/2015,31.23,31.92,30.969999,31.82,30.066786,1125400
10/5/2015,31.879999,33.349998,31.73,33.310001,31.474689,1210200
10/6/2015,33.869999,33.869999,32.529999,32.799999,30.992792,1247700
10/7/2015,33,33.099998,31.790001,32.130001,30.359705,1733800
10/8/2015,32.119999,32.59,31.780001,32.360001,30.577034,763600
10/9/2015,32.310001,33,32.299999,32.389999,30.605377,339200
10/12/2015,32.27,32.689999,32.119999,32.34,30.558134,376000
10/13/2015,32.189999,32.365002,31.82,31.82,30.066786,1163500
10/14/2015,31.76,31.82,31.450001,31.530001,29.792763,1311900
10/15/2015,31.190001,32.130001,30.51,31.32,29.594336,9633600
10/16/2015,31.370001,31.370001,29.75,30.15,28.488796,11814800
10/19/2015,30.049999,31.465,28.91,31.34,29.613234,18520900
10/20/2015,31.76,32.900002,31.34,32.34,30.558134,11089000
10/21/2015,32.400002,32.900002,32.02,32.459999,30.671522,7452600
10/22/2015,32.700001,32.812,31.290001,31.83,30.076233,6705900
10/23/2015,32.029999,32.5,31.495001,31.690001,29.943949,7348400
10/26/2015,31.83,31.870001,30.84,31.4,29.669926,7209500
10/27/2015,31.23,31.76,31.040001,31.73,29.981739,7722400
10/28/2015,31.719999,31.91,31.15,31.450001,29.717173,7079900
10/29/2015,31.18,31.4,30.674999,30.92,29.216373,8120700
10/30/2015,30.940001,31,30.66,30.76,29.065189,8618300
11/2/2015,30.559999,31.41,30.559999,31.33,29.603781,5771600
11/3/2015,31.1,32.580002,31.1,32.439999,30.652624,16475700
11/4/2015,32.240002,33.169998,31.809999,32.080002,30.31246,12605700
11/5/2015,32,32.710999,31.639999,32.610001,30.813255,10719300
11/6/2015,32.990002,34.599998,32.810001,33.98,32.107773,15380600
11/9/2015,33.919998,34.189999,32.150002,32.52,30.728216,18958300
11/10/2015,31.799999,31.98,30.93,31.08,29.367558,38506400
11/11/2015,31.110001,31.23,30.65,30.93,29.225824,42150400
11/12/2015,30.85,31.74,30.65,30.790001,29.093534,41436500
11/13/2015,30.75,31.49,30.440001,30.52,28.838415,31691300
11/16/2015,30.23,30.389999,29.92,30.290001,28.621088,25446400
11/17/2015,30.389999,31.360001,30.299999,30.58,28.895103,128981900
11/18/2015,30.91,31.75,30.700001,31.59,29.849459,28032000
11/19/2015,31.610001,32.029999,31.02,31.65,29.906151,29435000
11/20/2015,31.889999,31.889999,31.15,31.35,29.622681,19894000
11/23/2015,31.879999,32.25,31.33,31.549999,29.811659,26616000
11/24/2015,31.209999,31.950001,31.190001,31.34,29.613234,47529200
11/25/2015,31.459999,31.870001,31.25,31.530001,29.792763,15495500
11/27/2015,31.700001,31.84,31.299999,31.35,29.622681,8373700
11/30/2015,31.57,31.940001,31.43,31.83,30.076233,20246500
12/1/2015,32.119999,32.439999,31.860001,32.41,30.624277,11681600
12/2/2015,32.599998,32.599998,31.75,31.84,30.085686,8992400
12/3/2015,31.889999,32.049999,30.889999,31.09,29.377007,20610900
12/4/2015,31.24,32.029999,31.110001,32.029999,30.265219,15782100
12/7/2015,31.950001,32.099998,31.120001,31.35,29.622681,11885500
12/8/2015,31.18,31.405001,30.764999,31.360001,29.63213,15178000
12/9/2015,31.34,31.584999,30.360001,30.610001,28.923458,16063100
12/10/2015,30.719999,31.309999,30.66,31.049999,29.339212,9437100
12/11/2015,30.67,30.780001,29.815001,29.969999,28.318718,10431600
12/14/2015,30.139999,30.355,29.32,29.68,28.044699,15732000
12/15/2015,30,30.245001,29.719999,30.08,28.422657,9655600
12/16/2015,30.4,30.68,29.940001,30.530001,28.847862,8651500
12/17/2015,30.639999,30.75,30,30.01,28.356512,8002800
12/18/2015,29.879999,30,29.35,29.51,27.884064,15187400
12/21/2015,29.66,30.059999,29.549999,29.73,28.091942,5809900
12/22/2015,29.99,30.34,29.76,30.209999,28.54549,6516100
12/23/2015,30.4,30.559999,29.940001,30.51,28.828964,4824400
12/24/2015,30.48,30.723,30.309999,30.6,28.914003,1499000
12/28/2015,30.42,30.49,30.1,30.17,28.5077,3809000
12/29/2015,30.459999,30.709999,30.334999,30.690001,28.999048,3436900
12/30/2015,30.68,30.700001,30.43,30.43,28.75337,2640800
12/31/2015,30.209999,30.629999,30.1,30.41,28.734472,3804900
1/4/2016,29.98,30.01,29.379999,29.940001,28.290367,8771100
1/5/2016,29.85,30.280001,29.450001,30.110001,28.451004,7438000
1/6/2016,29.83,30.030001,29.48,29.9,28.252573,9158200
1/7/2016,29.469999,29.83,29,29.120001,27.515551,11194100
1/8/2016,29.360001,29.525,28.780001,28.84,27.250977,10400000
1/11/2016,29,29.030001,28.299999,28.700001,27.118692,11651900
1/12/2016,29.059999,29.190001,28.5,28.9,27.307673,8363300
1/13/2016,29.82,29.879999,27.52,27.57,26.050951,15222300
1/14/2016,27.6,28.280001,26.280001,28.18,26.627342,20004800
1/15/2016,27.440001,27.719999,26.99,27.639999,26.11709,14396200
1/19/2016,27.799999,28.155001,27.559999,28.030001,26.485605,9772000
1/20/2016,27.34,27.91,26.82,27.620001,26.098196,9686700
1/21/2016,27.620001,28.25,27.299999,27.73,26.202137,9065900
1/22/2016,29.299999,29.440001,28.75,29.059999,27.458857,16868400
1/25/2016,29.08,29.25,28.389999,28.48,26.910814,9094400
1/26/2016,28.51,28.92,28.32,28.66,27.080896,7500700
1/27/2016,28.549999,29.02,28.280001,28.440001,26.873016,8640000
1/28/2016,28.5,28.85,27.59,27.99,26.447809,12522100
1/29/2016,28.129999,28.43,27.290001,28.42,26.854118,15306500
2/1/2016,28.43,28.6,27.93,28.469999,26.901365,6804500
2/2/2016,28.23,28.290001,26.969999,27.01,25.521805,15173400
2/3/2016,27.040001,27.290001,25.34,26.34,24.888721,24158300
2/4/2016,26.26,26.559999,26,26.309999,24.860373,16837300
2/5/2016,26.34,26.540001,25,25.23,23.839878,15336200
2/8/2016,24.98,25.09,24.094999,24.48,23.131205,16427000
2/9/2016,24.280001,25.32,24.08,25.08,23.698143,13278100
2/10/2016,25.190001,25.85,24.959999,25.01,23.632,7275500
2/11/2016,24.290001,24.85,23.74,24.5,23.150105,12026000
2/12/2016,24.9,25.379999,24.799999,25.370001,23.972168,6712000
2/16/2016,25.75,26.209999,25.469999,26.139999,24.699739,9707100
2/17/2016,26.389999,26.91,26.15,26.27,24.822577,10161400
2/18/2016,26.23,26.73,26.045,26.620001,25.153296,8378400
2/19/2016,26.5,26.959999,26.27,26.77,25.295031,7630600
2/22/2016,26.77,28,26.77,27.709999,26.183237,10824900
2/23/2016,27.709999,27.77,27.049999,27.51,25.994259,11508900
2/24/2016,27.17,27.77,26.68,27.73,26.202137,8471500
2/25/2016,27.700001,27.889999,27.405001,27.780001,26.249382,6595900
2/26/2016,27.959999,28.235001,27.35,27.93,26.391117,8585900
2/29/2016,27.85,27.931999,26.9,26.950001,25.465115,10730000
3/1/2016,27.25,27.530001,26.780001,27.530001,26.013157,11207200
3/2/2016,27.700001,28.370001,27.6,28.25,26.693483,10265600
3/3/2016,28.26,28.67,28.025,28.559999,26.986401,8978800
3/4/2016,28.74,28.99,28.370001,28.6,27.024197,6100900
3/7/2016,28.440001,28.565001,27.909,28.52,26.94861,6311600
3/8/2016,28.290001,28.43,27.639999,27.700001,26.173792,6172900
3/9/2016,27.84,28.059999,27.540001,27.68,26.15489,6986500
3/10/2016,27.799999,28.219999,27.299999,27.809999,26.277729,6059300
3/11/2016,28.139999,28.85,28.055,28.82,27.23208,8137100
3/14/2016,28.629999,28.75,28.225,28.450001,26.882467,3516300
3/15/2016,28.16,28.225,27.57,27.68,26.15489,7092500
3/16/2016,27.65,27.825001,27.41,27.620001,26.098196,9234000
3/17/2016,27.620001,28.25,27.209999,28.1,26.551752,8940500
3/18/2016,28.27,28.639999,28.15,28.459999,26.891916,10736400
3/21/2016,28.4,28.9,28.33,28.790001,27.203732,6588800
3/22/2016,28.49,28.639999,28.25,28.610001,27.033653,5258700
3/23/2016,28.58,28.75,28.254999,28.42,26.854118,4987700
3/24/2016,28.200001,28.549999,28.066999,28.450001,26.882467,4163800
3/28/2016,28.51,28.531,28.209999,28.379999,26.81632,3162900
3/29/2016,28.26,28.43,27.9,28.4,26.835218,5980600
3/30/2016,28.540001,28.745001,28.25,28.379999,26.81632,4875900
3/31/2016,28.379999,28.76,28.08,28.66,27.080896,5304900
4/1/2016,28.620001,29.5,28.51,29.33,27.71398,8118500
4/4/2016,29.24,29.360001,28.860001,28.969999,27.373812,3868200
4/5/2016,28.610001,28.790001,28.4,28.610001,27.033653,5062000
4/6/2016,28.49,28.700001,28.120001,28.65,27.071447,4227800
4/7/2016,28.42,28.51,27.799999,27.969999,26.428913,6413400
4/8/2016,27.9,28.42,27.76,28.02,26.47616,6296500
4/11/2016,28.059999,28.41,27.860001,27.870001,26.334423,5655800
4/12/2016,27.969999,28.26,27.85,28.16,26.608442,6137100
4/13/2016,28.379999,28.940001,28.290001,28.92,27.326565,7194700
4/14/2016,28.799999,29.26,28.799999,29.08,27.477755,4526600
4/15/2016,29.290001,29.4,28.780001,28.940001,27.345469,3216300
4/18/2016,28.809999,29.18,28.76,29.129999,27.524994,2618500
4/19/2016,29.200001,29.870001,29.17,29.82,28.176981,7751600
4/20/2016,29.940001,30.76,29.940001,30.67,28.98015,11727100
4/21/2016,30.58,30.74,30.280001,30.42,28.743921,6627600
4/22/2016,30.030001,31.190001,30.030001,30.5,28.819511,9138500
4/25/2016,30.469999,30.889999,30.190001,30.440001,28.762821,5870200
4/26/2016,30.59,31.200001,30.450001,31.16,29.443148,7473100
4/27/2016,31.139999,31.139999,30.57,30.879999,29.178577,7985000
4/28/2016,30.620001,31.23,30.5,30.969999,29.26362,5919300
4/29/2016,30.780001,31,30.285,30.57,28.88566,4897800
5/2/2016,30.780001,31.450001,30.690001,31.33,29.603781,6897400
5/3/2016,30.99,31.18,30.629999,31.08,29.367558,5487300
5/4/2016,30.76,30.860001,30.129999,30.24,28.573841,6927400
5/5/2016,30.280001,30.43,29.790001,29.83,28.186432,5835800
5/6/2016,29.66,30.115,29.5,30.08,28.422657,6064900
5/9/2016,30.129999,30.334999,29.879999,29.959999,28.309267,2890900
5/10/2016,30.07,30.700001,30.040001,30.559999,28.876209,3707600
5/11/2016,30.360001,30.459999,29.9,29.93,28.28092,7770200
5/12/2016,30.209999,30.23,29.32,29.42,27.799021,9348800
5/13/2016,29.290001,29.65,28.950001,29.040001,27.43996,6895200
5/16/2016,29.040001,29.32,28.91,28.940001,27.345469,7667200
5/17/2016,28.790001,29.698999,28.73,29.27,27.657282,6261900
5/18/2016,29.27,30.125,29.209999,30.110001,28.451004,7386000
5/19/2016,29.860001,30.25,29.58,29.940001,28.290367,6118500
5/20/2016,30.040001,30.370001,29.74,29.879999,28.233677,4904800
5/23/2016,29.780001,30.030001,29.469999,29.83,28.186432,3354900
5/24/2016,30,30.440001,29.969999,30.299999,28.630533,4699200
5/25/2016,30.43,30.975,30.4,30.66,28.970697,6028900
5/26/2016,30.639999,30.98,30.4,30.889999,29.188026,5610800
5/27/2016,31,31.24,30.766001,31.16,29.443148,5267800
5/31/2016,31.379999,31.379999,31.02,31.200001,29.480946,5877600
6/1/2016,31.15,31.33,30.76,31.290001,29.565989,3105600
6/2/2016,31.25,31.290001,30.885,31.280001,29.556541,6280100
6/3/2016,30.92,31.190001,30.25,30.719999,29.027393,5753400
6/6/2016,30.73,31.09,30.700001,31.030001,29.320313,6480600
6/7/2016,31.110001,31.84,30.73,31.610001,29.868359,10576600
6/8/2016,31.59,31.969999,31.59,31.950001,30.189623,7481400
6/9/2016,31.719999,31.719999,31.200001,31.41,29.679373,5764600
6/10/2016,31.09,31.15,30.629999,30.799999,29.102983,5913200
6/13/2016,30.66,30.889999,30.4,30.440001,28.762821,5938200
6/14/2016,29.26,29.26,25.450001,26.450001,24.992664,66008700
6/15/2016,26.49,27.17,25.93,26.5,25.039907,26797600
6/16/2016,26.24,26.280001,25.6,26,24.567455,21833200
6/17/2016,25.969999,26.01,25.58,25.77,24.350128,18246400
6/20/2016,26.02,26.030001,25.32,25.549999,24.142248,18357500
6/21/2016,25.68,26.25,25.5,25.85,24.425724,12099400
6/22/2016,25.809999,26.23,25.465,25.5,24.095003,14686600
6/23/2016,25.780001,26.040001,25.5,26,24.567455,10441200
6/24/2016,24.950001,25.469999,24.549999,24.639999,23.282387,16053500
6/27/2016,24.299999,24.32,23.25,23.360001,22.072916,14954600
6/28/2016,23.709999,24.049999,23.6,23.93,22.611511,12055200
6/29/2016,24.17,24.84,24.07,24.83,23.461918,8153600
6/30/2016,24.98,25.280001,24.450001,25.280001,23.887127,10654600
7/1/2016,25.24,25.469999,25.09,25.35,23.953274,6368800
7/5/2016,25.379999,25.395,25.01,25.120001,23.735945,7663900
7/6/2016,24.85,25.459999,24.83,25.309999,23.915472,6206600
7/7/2016,25.35,26.08,25.309999,26.02,24.586353,14370600
7/8/2016,27.290001,27.48,27,27.309999,25.805277,12653100
7/11/2016,27.5,27.780001,27.355,27.67,26.145441,6781600
7/12/2016,28,28.15,27.825001,27.92,26.381668,7635200
7/13/2016,27.950001,28.18,27.629999,28.120001,26.570652,5206400
7/14/2016,28.59,28.66,28.09,28.299999,26.740728,5896100
7/15/2016,28.32,28.32,27.83,28.120001,26.570652,7254200
7/18/2016,28.5,28.700001,28.08,28.290001,26.731285,5102600
7/19/2016,28.25,28.415001,28.1,28.25,26.693483,5232100
7/20/2016,28.49,28.58,28,28.139999,26.589544,8941800
7/21/2016,28.059999,28.469999,27.57,28.26,26.702936,7627400
7/22/2016,28.610001,28.889999,27.950001,28.4,26.835218,11844000
7/25/2016,28.309999,28.389999,27.959999,28.09,26.542303,7300000
7/26/2016,28.129999,28.5,28,28.110001,26.561201,7762300
7/27/2016,27.98,28.23,27.865,28.139999,26.589544,5204900
7/28/2016,28.049999,28.190001,27.875,27.91,26.372219,7416700
7/29/2016,27.870001,28.09,27.75,27.879999,26.34387,8307500
8/1/2016,27.9,28.27,27.879999,27.91,26.372219,7053400
8/2/2016,27.879999,28.059999,27.32,27.35,25.843073,8237400
8/3/2016,27.379999,28.040001,27.34,27.870001,26.334423,6342500
8/4/2016,27.9,28.08,27.75,27.92,26.381668,4166800
8/5/2016,28.290001,28.43,28.145,28.219999,26.665138,5337600
8/8/2016,28.33,28.440001,27.985001,28.040001,26.495056,3884200
8/9/2016,28.049999,28.09,27.790001,27.879999,26.34387,7132600
8/10/2016,27.809999,27.91,27.459999,27.65,26.248938,6786400
8/11/2016,27.700001,27.870001,27.530001,27.610001,26.210964,5070700
8/12/2016,27.450001,27.879999,27.280001,27.68,26.277416,6822900
8/15/2016,27.860001,27.969999,27.705,27.74,26.334379,4782100
8/16/2016,27.639999,27.780001,27.299999,27.299999,25.91667,5086400
8/17/2016,27.309999,27.469999,27.225,27.379999,25.99262,5611000
8/18/2016,27.389999,27.4,27.16,27.290001,25.907179,5091300
8/19/2016,27.17,27.49,27.1,27.379999,25.99262,4949300
8/22/2016,27.370001,27.379999,27.129999,27.27,25.888191,3294400
8/23/2016,27.43,27.5,27.27,27.280001,25.897686,3644700
8/24/2016,27.33,27.49,27.07,27.120001,25.745796,4352000
8/25/2016,27.1,27.209999,26.91,27.01,25.641365,3224400
8/26/2016,27.1,27.15,26.6,26.860001,25.498968,7739100
8/29/2016,26.950001,27.290001,26.860001,27.17,25.793261,3718700
8/30/2016,27.25,27.370001,27.055,27.299999,25.91667,3362700
8/31/2016,27.309999,27.84,27.219999,27.83,26.419817,7819300
9/1/2016,27.83,28.01,27.395,27.76,26.353367,5099200
9/2/2016,27.860001,27.905001,27.58,27.799999,26.391335,3544500
9/6/2016,27.77,27.83,27.545,27.610001,26.210964,4833400
9/7/2016,27.48,27.84,27.35,27.809999,26.400831,2803100
9/8/2016,27.6,27.690001,27.280001,27.34,25.954641,9421800
9/9/2016,27.309999,27.68,26.93,26.93,25.565418,6698300
9/12/2016,26.780001,27.49,26.68,27.41,26.021101,6655000
9/13/2016,27.08,27.17,26.530001,26.719999,25.366062,8611500
9/14/2016,26.719999,26.98,26.549999,26.83,25.47049,6645300
9/15/2016,26.76,27.17,26.620001,27.049999,25.679338,5053300
9/16/2016,26.85,26.969999,26.67,26.91,25.546432,13467200
9/19/2016,27.030001,27.16,26.889999,27.040001,25.669849,5029100
9/20/2016,27.209999,27.209999,26.790001,26.799999,25.442007,3696300
9/21/2016,26.950001,27.23,26.75,27.059999,25.688833,6989700
9/22/2016,27.16,27.559999,26.950001,27.48,26.087551,6321900
9/23/2016,27.33,27.75,27.299999,27.389999,26.002113,5886600
9/26/2016,27.15,27.615,27,27.299999,25.91667,7150600
9/27/2016,27.26,27.855,27.18,27.809999,26.400831,5904000
9/28/2016,27.809999,27.950001,27.584999,27.82,26.410324,4815400
9/29/2016,27.77,27.889999,27.02,27.370001,25.983126,5794200
9/30/2016,27.629999,28.115,27.49,28,26.581202,7039800
10/3/2016,27.84,28.129999,27.51,27.58,26.182486,7193600
10/4/2016,27.700001,27.92,27.290001,27.33,25.94515,9736500
10/5/2016,27.4,28.02,27.290001,27.940001,26.524246,8118600
10/6/2016,27.85,27.91,26.934999,26.99,25.622379,11432300
10/7/2016,27.1,27.42,26.49,26.67,25.318596,11058200
10/10/2016,26.93,26.99,26.450001,26.73,25.375555,14331800
10/11/2016,26.73,26.860001,26.475,26.540001,25.195183,7960300
10/12/2016,26.49,26.629999,26.42,26.51,25.166702,5161800
10/13/2016,26.299999,26.530001,26.09,26.370001,25.033798,5588500
10/14/2016,26.639999,26.940001,26.525,26.700001,25.347075,6678400
10/17/2016,26.66,26.82,26.389999,26.42,25.081266,5834100
10/18/2016,26.74,26.809999,26.549999,26.639999,25.290115,6227300
10/19/2016,26.530001,27.110001,26.530001,27,25.631876,4252100
10/20/2016,27.049999,27.370001,26.940001,27.129999,25.755283,10757400
10/21/2016,27.870001,28.379999,27.639999,28.23,26.799549,13331900
10/24/2016,28.41,29.02,28.41,28.790001,27.331171,9113400
10/25/2016,28.73,28.889999,28.450001,28.58,27.131813,5785600
10/26/2016,28.389999,28.865,28.295,28.700001,27.245735,5130800
10/27/2016,28.85,29.125,28.77,28.940001,27.47357,5431600
10/28/2016,29.030001,29.325001,28.76,29.1,27.625463,7759600
10/31/2016,29.290001,29.290001,28.57,28.59,27.141304,6857200
11/1/2016,28.77,29.02,28.34,28.559999,27.112825,7629200
11/2/2016,28.549999,28.809999,28.379999,28.42,26.979919,6112400
11/3/2016,28.48,28.48,28.08,28.129999,26.82733,4990500
11/4/2016,28.26,28.6,28,28.219999,26.913162,5915100
11/7/2016,28.82,29.115,28.629999,29.110001,27.761948,6653400
11/8/2016,28.889999,29,28.4,28.700001,27.370935,5310100
11/9/2016,28.950001,30.299999,28.84,30.219999,28.820543,11493400
11/10/2016,30.559999,31.74,30.51,31.610001,30.146177,11400100
11/11/2016,31.450001,32.610001,31.4,32.48,30.975885,16845100
11/14/2016,32.77,33.810001,32.75,33.720001,32.158466,12311900
11/15/2016,33.630001,33.630001,32.639999,33.34,31.796059,10573000
11/16/2016,33.080002,33.240002,32.560001,32.610001,31.099865,9094700
11/17/2016,32.830002,33.470001,32.43,33.43,31.881891,10709700
11/18/2016,33.490002,33.689999,33.16,33.619999,32.063095,7069500
11/21/2016,33.720001,33.849998,33.290001,33.619999,32.063095,7134600
11/22/2016,33.84,34.330002,33.75,33.970001,32.396889,8149800
11/23/2016,34,35.02,33.93,34.959999,33.341034,11393300
11/25/2016,34.990002,35.02,34.650002,34.700001,33.093082,3022500
11/28/2016,34.48,34.48,33.790001,33.900002,32.330128,6247700
11/29/2016,34.049999,34.16,33.799999,33.799999,32.234753,4282500
11/30/2016,34.189999,34.669998,33.98,34.560001,32.959564,8560700
12/1/2016,34.68,35.450001,34.57,35.07,33.445942,9961900
12/2/2016,35.049999,35.099998,34.455002,34.490002,32.892803,7112600
12/5/2016,34.849998,35.52,34.810001,35.110001,33.484097,5922700
12/6/2016,35.27,35.700001,34.915001,35.66,34.008625,5031200
12/7/2016,35.23,36.27,34.98,36.18,34.504543,6103300
12/8/2016,36.279999,36.77,36.084,36.650002,34.952782,6651600
12/9/2016,36.540001,36.77,36.220001,36.529999,34.838333,5659600
12/12/2016,36.450001,36.68,35.799999,35.939999,34.275654,6647500
12/13/2016,36.130001,36.389999,35.580002,36.27,34.590378,7663400
12/14/2016,35.970001,36.419998,35.57,35.939999,34.275654,9938400
12/15/2016,36.259998,37.130001,35.939999,36.93,35.21981,11704400
12/16/2016,37.09,37.099998,36.514999,36.630001,34.933704,7000100
12/19/2016,36.57,36.959999,36.509998,36.900002,35.191208,5526600
12/20/2016,37.060001,37.259998,36.849998,37.259998,35.534531,5100600
12/21/2016,37.310001,37.310001,36.950001,37.099998,35.381939,2778300
12/22/2016,37.099998,37.099998,36.669998,36.880001,35.172134,3958900
12/23/2016,36.810001,36.970001,36.669998,36.970001,35.257957,2970500
12/27/2016,37.130001,37.18,36.919998,37,35.286568,2208400
12/28/2016,37.07,37.099998,36.200001,36.240002,34.561768,4830700
12/29/2016,36.389999,36.66,35.919998,36.09,34.418713,3486900
12/30/2016,36.130001,36.459999,36.080002,36.27,34.590378,3452600
1/3/2017,36.75,37.169998,36.59,37.060001,35.343792,6058100
1/4/2017,37.299999,38.055,37.145,37.93,36.173508,6040100
1/5/2017,37.66,37.740002,36.400002,36.91,35.200737,6850800
1/6/2017,37.09,37.48,36.880001,37.130001,35.410553,5110200
1/9/2017,36.91,37.075001,36.52,36.900002,35.191208,3955400
1/10/2017,37.029999,37.490002,36.724998,36.959999,35.248421,5033200
1/11/2017,36.810001,36.810001,35.66,36.360001,34.676208,11639100
1/12/2017,36.16,36.195,35.599998,36.130001,34.456863,6484300
1/13/2017,36.34,36.830002,36.064999,36.32,34.638062,4401200
1/17/2017,36.099998,36.23,35.369999,35.509998,33.86557,4693300
1/18/2017,35.790001,35.919998,35.169998,35.900002,34.237507,3943600
1/19/2017,35.959999,36.139999,35.560001,35.610001,33.960941,6150000
1/20/2017,35.98,36.849998,35.849998,36.240002,34.561768,8954500
1/23/2017,36.029999,36.490002,35.610001,35.77,34.113529,6846600
1/24/2017,35.970001,36.369999,35.880001,36.080002,34.40918,4117800
1/25/2017,36.389999,36.494999,35.75,35.91,34.24704,6387200
1/26/2017,36.02,36.700001,35.880001,36.689999,34.990925,7572200
1/27/2017,36.689999,36.790001,36.349998,36.630001,34.933704,5956700
1/30/2017,36.450001,36.529999,36,36.470001,34.781109,4665100
1/31/2017,36.299999,36.535,35.560001,35.82,34.161221,5993100
2/1/2017,36.060001,36.580002,35.884998,36,34.332878,5258000
2/2/2017,35.639999,35.810001,35.189999,35.34,33.825584,5636500
2/3/2017,35.950001,36.735001,35.650002,36.509998,34.945454,7493400
2/6/2017,36.25,36.549999,36.16,36.450001,34.888027,4385600
2/7/2017,36.639999,36.779999,35.959999,36.049999,34.505169,5583400
2/8/2017,35.880001,35.880001,35.380001,35.77,34.237167,4228700
2/9/2017,35.77,36.595001,35.68,36.490002,34.926315,4838600
2/10/2017,36.73,36.799999,36.150002,36.220001,34.667881,5527100
2/13/2017,36.43,36.790001,36.32,36.650002,35.079453,7151700
2/14/2017,36.630001,37.400002,36.540001,37.32,35.720741,4599000
2/15/2017,37.330002,37.75,37.169998,37.279999,35.682457,4296900
2/16/2017,37.189999,37.290001,36.549999,36.849998,35.270878,3616200
2/17/2017,36.580002,36.759998,36.055,36.68,35.108166,5917000
2/21/2017,37.110001,37.34,36.860001,36.860001,35.280453,3842900
2/22/2017,36.59,37.029999,36.540001,36.779999,35.20388,2658500
2/23/2017,36.860001,36.919998,36.279999,36.630001,35.060307,3122300
2/24/2017,36.25,36.48,36.110001,36.48,34.916737,4575000
2/27/2017,36.5,36.959999,35.950001,36.939999,35.357021,4195900
2/28/2017,36.77,36.853001,35.75,36.240002,34.687027,7566900
3/1/2017,37.18,37.415001,36.710999,36.889999,35.30917,5994500
3/2/2017,36.880001,36.98,35.919998,35.970001,34.428593,6618900
3/3/2017,35.900002,36.169998,35.689999,36.049999,34.505169,5091900
3/6/2017,35.799999,35.810001,35.32,35.580002,34.055305,5115900
3/7/2017,35.57,35.939999,35.360001,35.599998,34.074444,4149400
3/8/2017,35.900002,36.099998,35.639999,35.709999,34.179733,3679900
3/9/2017,35.919998,36.150002,35.68,35.849998,34.313736,3208000
3/10/2017,36.080002,36.200001,35.779999,36.009998,34.466877,4307300
3/13/2017,35.990002,36.169998,35.720001,36.029999,34.486019,3894100
3/14/2017,35.75,35.98,35.645,35.919998,34.380726,3579900
3/15/2017,36.029999,36.18,35.68,35.799999,34.265881,6428700
3/16/2017,36.009998,36.084999,35.705002,35.830002,34.294598,4818400
3/17/2017,35.73,35.73,34.860001,35.119999,33.615013,10581400
3/20/2017,35.080002,35.200001,34.189999,34.200001,32.734444,9393700
3/21/2017,34.389999,34.5,32.939999,33.02,31.605011,11893000
3/22/2017,32.900002,33.529999,32.48,33.080002,31.662434,8907100
3/23/2017,33.07,33.82,32.93,33.43,31.997437,6455500
3/24/2017,33.560001,33.689999,33.029999,33.310001,31.882584,4682500
3/27/2017,32.59,32.970001,32.240002,32.740002,31.337006,8790100
3/28/2017,32.810001,33.900002,32.599998,33.66,32.217583,6438000
3/29/2017,33.639999,33.93,33.549999,33.779999,32.332436,4487100
3/30/2017,33.82,34.584999,33.779999,34.43,32.95459,5122200
3/31/2017,34.27,34.529999,34.125,34.299999,32.830158,5031400
4/3/2017,34.450001,34.540001,33.275002,33.759998,32.313293,6171300
4/4/2017,33.580002,33.91,33.580002,33.73,32.28458,2556000
4/5/2017,34.240002,34.360001,33.139999,33.259998,31.834726,5021000
4/6/2017,33.23,33.59,32.945,33.23,31.806005,10510500
4/7/2017,32.959999,33.419998,32.869999,33.16,31.739006,3734700
4/10/2017,33.189999,33.465,32.814999,32.869999,31.461433,6846200
4/11/2017,32.549999,33.118,32.25,33.049999,31.633722,6759700
4/12/2017,32.82,33.23,32.709999,32.810001,31.404003,4596100
4/13/2017,32.669998,32.990002,32.369999,32.369999,30.982861,5266500
4/17/2017,32.41,33.040001,32.279999,33.02,31.605011,4183900
4/18/2017,32.810001,33.064999,32.560001,32.849998,31.442291,4971700
4/19/2017,33.060001,33.23,32.869999,33,31.585867,3358600
4/20/2017,33.32,34.009998,33.27,33.849998,32.399441,5408300
4/21/2017,33.779999,33.880001,33.259998,33.380001,31.949585,4729700
4/24/2017,34.299999,34.349998,33.68,33.900002,32.447296,4231800
4/25/2017,34.189999,34.330002,33.630001,33.82,32.370731,6164900
4/26/2017,33.73,33.799999,32.650002,33.23,31.806005,11545900
4/27/2017,33.439999,33.439999,33,33.049999,31.633722,7139800
4/28/2017,27.5,29.08,27.24,27.799999,26.608696,46357600
5/1/2017,27.98,28.620001,27.200001,27.940001,26.742701,22971500
5/2/2017,27.959999,28.93,27.68,28.870001,27.632847,25490600
5/3/2017,28.620001,29.18,28.52,28.77,27.537132,14287700
5/4/2017,28.790001,28.98,28.540001,28.67,27.565973,9812900
5/5/2017,28.84,29.25,28.42,28.610001,27.508286,10945300
5/8/2017,28.58,28.700001,28.35,28.379999,27.287142,8054600
5/9/2017,28.440001,28.530001,28.02,28.1,27.017925,8665700
5/10/2017,28.01,28.120001,27.68,27.76,26.691017,11018200
5/11/2017,27.67,27.68,26.6,26.93,25.892977,14155000
5/12/2017,26.809999,26.825001,26.01,26.59,25.566074,23145000
5/15/2017,26.77,27.395,26.52,27.110001,26.066051,14541200
5/16/2017,27.219999,27.24,26.790001,26.84,25.806442,11191800
5/17/2017,26.84,26.84,26.145,26.5,25.479536,11761900
5/18/2017,26.43,26.775,26.41,26.5,25.479536,7949500
5/19/2017,27.76,27.82,26.805,26.84,25.806442,13465100
5/22/2017,27.01,27.030001,26.66,26.91,25.873749,9221600
5/23/2017,27.01,27.01,26.68,26.84,25.806442,6534500
5/24/2017,26.82,27.01,26.700001,26.799999,25.767984,9157300
5/25/2017,26.969999,27.41,26.719999,27.23,26.181429,12800800
5/26/2017,27.15,27.65,27.07,27.370001,26.316036,11451700
5/30/2017,27.309999,27.459999,27.004999,27.1,26.056435,9631400
5/31/2017,27.1,27.200001,26.34,26.85,25.816061,9204200
6/1/2017,26.99,27.469999,26.84,27.219999,26.17181,8658400
6/2/2017,26.98,27.67,26.98,27.4,26.344883,12368500
6/5/2017,27.35,28.066,27.1,27.959999,26.883314,10972400
6/6/2017,27.719999,28.445,27.51,28.290001,27.200607,14205500
6/7/2017,28.459999,29.184999,28.415001,28.870001,27.758272,16055500
6/8/2017,28.870001,29.24,28.629999,28.67,27.565973,8528500
6/9/2017,28.93,28.98,28.52,28.700001,27.594822,7848000
6/12/2017,28.709999,28.98,28.68,28.76,27.652512,5666100
6/13/2017,28.83,29.084999,28.43,28.99,27.873653,5308200
6/14/2017,28.799999,29.32,28.620001,29.23,28.104412,10163500
6/15/2017,28.98,29.66,28.969999,29.469999,28.335169,8638100
6/16/2017,29.459999,29.459999,29.07,29.33,28.20056,6828300
6/19/2017,29.469999,29.469999,29.124001,29.42,28.287096,6875200
6/20/2017,29.4,29.775,29.33,29.440001,28.306326,5691900
6/21/2017,29.450001,29.790001,29.201,29.700001,28.556313,7815300
6/22/2017,29.57,29.76,29.16,29.299999,28.171717,6380500
6/23/2017,29.49,29.52,28.84,28.969999,27.854422,7561500
6/26/2017,29.040001,29.719999,29.040001,29.68,28.537081,7016700
6/27/2017,29.75,29.799999,29.42,29.440001,28.306326,6395700
6/28/2017,29.67,30.1,29.59,29.799999,28.65246,10205800
6/29/2017,30.25,30.540001,29.315001,29.549999,28.412088,10081600
6/30/2017,29.780001,29.959999,29.469999,29.82,28.67169,4782900
7/3/2017,30.059999,30.370001,29.950001,30.059999,28.902449,2315300
7/5/2017,30.17,30.26,29.74,29.780001,28.633232,4380600
7/6/2017,29.799999,29.799999,29.290001,29.379999,28.248632,4040200
7/7/2017,29.540001,29.84,29.4,29.700001,28.556313,3595800
7/10/2017,29.67,29.700001,29.084999,29.129999,28.008263,5717600
7/11/2017,29.16,29.16,28.799999,29.1,27.979416,7745400
7/12/2017,29.1,29.35,28.889999,29.33,28.20056,3924900
7/13/2017,29.209999,29.705,29.209999,29.360001,28.229404,4742300
7/14/2017,29.15,29.635,29.059999,29.48,28.344784,4252700
7/17/2017,29.48,29.844999,29.219999,29.65,28.508238,3948400
7/18/2017,29.43,29.565001,29.17,29.33,28.20056,4653400
7/19/2017,29.450001,29.610001,29.24,29.51,28.373631,5228500
7/20/2017,29.42,29.74,29.190001,29.530001,28.392857,5707000
7/21/2017,31.49,31.9,30.120001,30.870001,29.681257,11172300
7/24/2017,30.799999,31.120001,30.530001,30.74,29.556265,5999800
7/25/2017,30.98,31.200001,30.709999,30.889999,29.700489,5911600
7/26/2017,31.07,31.09,30.530001,30.57,29.392811,6270400
7/27/2017,30.59,30.629999,30.125,30.34,29.171667,6599700
7/28/2017,30.190001,30.27,29.84,29.940001,28.787071,8419200
7/31/2017,30.059999,30.48,30.059999,30.32,29.152435,12946000
8/1/2017,30.52,30.579,29.83,29.879999,28.729382,8219200
8/2/2017,29.93,30.184999,29.780001,30.059999,28.902449,6297900
8/3/2017,29.9,30.4,29.790001,29.91,28.902449,6989300
8/4/2017,30.17,30.32,29.799999,29.870001,28.863798,7284100
8/7/2017,29.879999,30.514999,29.77,30.4,29.375946,5164200
8/8/2017,30.34,31.41,30.34,30.719999,29.685165,8043200
8/9/2017,30.48,30.559999,30.129999,30.25,29.230997,5204200
8/10/2017,30.07,30.09,28.93,29.32,28.332323,9816200
8/11/2017,29.34,29.395,28.959999,29.200001,28.216368,6668000
8/14/2017,29.5,30.200001,29.4,29.639999,28.641544,5917600
8/15/2017,30.91,31.129999,30.379999,30.99,29.94607,13489300
8/16/2017,31.67,31.68,30.82,30.870001,29.830112,7408500
8/17/2017,30.870001,30.91,30.049999,30.1,29.08605,7398500
8/18/2017,30.190001,30.360001,29.879999,30.07,29.057058,5534200
8/21/2017,30.1,30.299999,29.950001,30.26,29.24066,4640200
8/22/2017,30.34,30.465,30,30.34,29.317965,6259800
8/23/2017,30.200001,30.57,30.129999,30.309999,29.288975,4292300
8/24/2017,30.49,30.700001,30.299999,30.459999,29.433922,3220900
8/25/2017,30.530001,30.85,30.440001,30.540001,29.511229,2908000
8/28/2017,30.74,30.75,30.17,30.290001,29.269651,3713400
8/29/2017,30.040001,30.200001,29.790001,30.120001,29.105377,5722700
8/30/2017,30.1,30.76,30.049999,30.66,29.627184,5629800
8/31/2017,30.719999,30.92,30.620001,30.790001,29.752808,5132600
9/1/2017,30.780001,31.035,30.700001,30.92,29.878428,3076500
9/5/2017,30.700001,30.75,29.75,29.870001,28.863798,6260200
9/6/2017,30.049999,30.275,29.93,29.959999,28.950766,5911900
9/7/2017,30,30,28.955,29.059999,28.081085,5625200
9/8/2017,28.629999,28.860001,28.329,28.549999,27.588263,8560000
9/11/2017,28.82,29.35,28.65,29.15,28.168051,6050400
9/12/2017,29.35,29.57,29.110001,29.190001,28.206703,5179800
9/13/2017,29.25,29.57,29.200001,29.32,28.332323,7166700
9/14/2017,29.27,29.43,28.67,28.700001,27.733212,7550300
9/15/2017,28.57,29.209999,28.459999,29.02,28.042431,11003600
9/18/2017,29.110001,29.299999,28.950001,29.26,28.274347,5682900
9/19/2017,29.290001,29.48,29.049999,29.09,28.110071,5754300
9/20/2017,29.200001,29.266001,28.9,29,28.023104,6347400
9/21/2017,29,29.09,28.704,28.889999,27.916809,5281800
9/22/2017,28.860001,29.5,28.85,29.469999,28.477268,6320700
9/25/2017,29.35,29.879999,29.309999,29.559999,28.56424,6827300
9/26/2017,29.610001,30.040001,29.51,29.940001,28.931438,3918600
9/27/2017,30.24,31.184999,30.18,30.940001,29.897755,11194700
9/28/2017,30.9,31.43,30.879999,31.190001,30.139334,7666600
9/29/2017,31.190001,31.379999,30.92,31.049999,30.004045,5255600
10/2/2017,31.17,31.49,30.92,31.48,30.419561,4478600
10/3/2017,31.459999,31.885,31.42,31.719999,30.651476,5916600
10/4/2017,31.76,31.790001,31.26,31.309999,30.255291,4750400
10/5/2017,31.32,31.665001,31.16,31.66,30.5935,4838900
10/6/2017,31.459999,31.575001,31.190001,31.309999,30.255291,4695000
10/9/2017,31.469999,31.690001,31.26,31.440001,30.380909,2616800
10/10/2017,31.5,31.9,31.5,31.75,30.680464,4867300
10/11/2017,31.719999,31.83,31.370001,31.42,30.361586,3444200
10/12/2017,31.33,31.33,30.48,30.639999,29.607861,6771800
10/13/2017,30.450001,31.24,30.379999,30.82,29.781794,7889900
10/16/2017,30.99,31.620001,30.91,31.5,30.438889,10557400
10/17/2017,31.59,31.594999,30.85,30.98,29.936405,4723600
10/18/2017,31.120001,31.549999,30.99,31.51,30.448553,6903800
10/19/2017,31.200001,31.870001,30.860001,31.709999,30.641813,7787700
10/20/2017,33.41,34.080002,32.845001,33.040001,31.927015,15400900
10/23/2017,33.259998,33.330002,32.630001,32.68,31.57914,6188200
10/24/2017,32.759998,32.860001,32.27,32.650002,31.550154,4908900
10/25/2017,32.380001,32.630001,32,32.380001,31.289246,8934100
10/26/2017,32.66,32.970001,32.599998,32.869999,31.762737,5219800
10/27/2017,32.610001,32.970001,32.43,32.939999,31.830381,4059300
10/30/2017,32.779999,33.099998,32.509998,32.599998,31.501833,3998100
10/31/2017,32.540001,32.82,32.43,32.619999,31.521158,4589300
11/1/2017,32.709999,32.950001,32.544998,32.830002,31.724089,2934100
11/2/2017,32.799999,33.240002,32.465,33.220001,32.100945,6214600
11/3/2017,33.119999,33.369999,32.900002,33.110001,32.139778,4242500
11/6/2017,33,33.080002,32.77,32.77,31.809744,4144800
11/7/2017,32.82,33.02,32.27,32.360001,31.411755,4561500
11/8/2017,32.279999,32.389999,31.790001,32.07,31.130249,4130100
11/9/2017,31.92,32.209999,31.549999,32.09,31.149666,4140300
11/10/2017,32.130001,32.380001,32.044998,32.07,31.130249,2669700
11/13/2017,32.18,32.630001,32.110001,32.59,31.635015,5185300
11/14/2017,32.369999,32.66,32.259998,32.560001,31.605894,3936400
11/15/2017,32.080002,32.740002,31.85,32.529999,31.576775,6556700
11/16/2017,33.52,33.860001,33.189999,33.380001,32.401863,11362700
11/17/2017,33.400002,34.040001,33.34,33.860001,32.867798,8665800
11/20/2017,33.860001,34.32,33.82,33.860001,32.867798,8232800
11/21/2017,33.91,33.990002,33.310001,33.77,32.780434,6838200
11/22/2017,33.900002,33.98,33.5,33.669998,32.683365,4177300
11/24/2017,33.73,33.755001,33.419998,33.490002,32.508644,2372300
11/27/2017,33.48,33.5,32.919998,33.209999,32.236847,6196300
11/28/2017,33.220001,34.610001,33.075001,34.490002,33.479336,8612100
11/29/2017,34.939999,35.68,34.884998,35.349998,34.314137,11568600
11/30/2017,35.5,36.450001,35.435001,35.889999,34.838314,12016600
12/1/2017,35.790001,36.064999,34.66,35.939999,34.886848,7336500
12/4/2017,36.57,38.040001,36.57,37.450001,36.352604,14112000
12/5/2017,37.599998,37.93,37.189999,37.310001,36.216702,8227500
12/6/2017,37.099998,37.599998,37.040001,37.389999,36.294357,5706000
12/7/2017,37.16,37.73,37.09,37.34,36.245827,8103400
12/8/2017,37.849998,37.849998,37.165001,37.5,36.401138,7833900
12/11/2017,37.439999,37.700001,37.290001,37.59,36.488503,5916800
12/12/2017,37.619999,37.860001,37.360001,37.360001,36.26524,7197800
12/13/2017,37.400002,37.540001,36.599998,36.639999,35.566338,8078700
12/14/2017,36.860001,37.330002,36.84,36.990002,35.90609,5601700
12/15/2017,37.27,37.599998,36.880001,37.189999,36.100216,8883500
12/18/2017,37.790001,38.965,37.73,38.509998,37.381542,8723500
12/19/2017,38.799999,38.849998,38.16,38.18,37.061207,7137000
12/20/2017,38.639999,38.650002,37.919998,37.959999,36.847656,3489700
12/21/2017,38.18,38.77,38.07,38.599998,37.468899,4162700
12/22/2017,38.860001,38.860001,38.27,38.77,37.633926,4260000
12/26/2017,38.700001,38.959999,38.549999,38.709999,37.575676,3130500
12/27/2017,38.709999,38.82,38.41,38.599998,37.468899,2607200
12/28/2017,38.799999,39.110001,38.740002,38.970001,37.82806,3472700
12/29/2017,39.130001,39.169998,38.599998,38.610001,37.478607,3506500
1/2/2018,38.799999,39,38.52,38.860001,37.721287,3326900
1/3/2018,38.869999,39.18,38.73,39.119999,37.973663,4327300
1/4/2018,39.470001,39.860001,39.369999,39.400002,38.245464,3645900
1/5/2018,39.66,39.790001,39.25,39.740002,38.5755,4686500
1/8/2018,39.610001,39.779999,39.240002,39.259998,38.109566,4959600
1/9/2018,39.529999,39.810001,39.299999,39.439999,38.284286,6594300
1/10/2018,39.509998,40.029999,39.380001,39.66,38.497841,7627100
1/11/2018,39.77,40.169998,39.279999,39.759998,38.59491,6144200
1/12/2018,40.040001,40.049999,37.66,39.369999,38.216339,8532100
1/16/2018,39.459999,39.580002,37.779999,37.93,36.818539,12961200
1/17/2018,38.16,38.330002,37.791,38.060001,36.944729,10728700
1/18/2018,38.290001,38.290001,36.75,37.299999,36.206997,13731000
1/19/2018,37.740002,38.84,36.849998,38.470001,37.342716,11775700
1/22/2018,38.18,39.599998,38.16,39.52,38.361938,15163700
1/23/2018,39.419998,39.939999,39.060001,39.779999,38.614323,8378400
1/24/2018,39.889999,40.189999,39.459999,39.740002,38.5755,7679400
1/25/2018,39.91,40.029999,39.470001,39.580002,38.420189,7034600
1/26/2018,39.630001,40.235001,39.490002,40.209999,39.031727,5504700
1/29/2018,40.110001,40.59,40.099998,40.16,38.983189,5791900
1/30/2018,39.919998,40.16,39.604,39.630001,38.468719,5453700
1/31/2018,39.75,40.299999,39.66,39.68,38.517258,6981700
2/1/2018,39.540001,39.669998,39.029999,39.66,38.497841,5474400
2/2/2018,39.5,39.884998,38.505001,38.68,37.68911,6192000
2/5/2018,38.259998,38.91,36.580002,36.880001,35.935219,10395400
2/6/2018,36.049999,37.84,35.450001,37.669998,36.704975,9275000
2/7/2018,37.439999,38.189999,37.299999,37.5,36.539337,8031500
2/8/2018,37.5,37.549999,34.970001,34.98,34.083885,9244100
2/9/2018,35.349998,35.860001,33.605,35.029999,34.132607,11802200
2/12/2018,35.349998,36.485001,35.240002,36.240002,35.311615,7027400
2/13/2018,35.919998,36.139999,35.52,36.009998,35.087502,4509900
2/14/2018,35.810001,36.720001,35.535,36.700001,35.75983,6964800
2/15/2018,37.040001,37.134998,36.310001,36.84,35.89624,5219300
2/16/2018,36.740002,37.18,36.610001,36.73,35.789059,4413100
2/20/2018,36.630001,36.91,36.360001,36.560001,35.623413,4235100
2/21/2018,36.610001,37.404999,36.5,36.57,35.63316,4423200
2/22/2018,36.77,36.91,36.240002,36.330002,35.399307,7871200
2/23/2018,36.540001,37.16,36.43,37.150002,36.198303,3101300
2/26/2018,37.27,37.400002,36.790001,37.389999,36.432152,5200300
2/27/2018,37.389999,38.07,36.799999,36.810001,35.867008,6428400
2/28/2018,37.169998,37.529999,36.380001,36.389999,35.457771,4691300
3/1/2018,36.5,36.98,35.720001,35.849998,34.931602,7483000
3/2/2018,35.560001,36.009998,34.700001,35.93,35.009556,5433800
3/5/2018,35.700001,36.380001,35.424999,36.23,35.301868,6491300
3/6/2018,36.34,36.540001,35.615002,36.200001,35.272636,4312700
3/7/2018,35.810001,36.389999,35.709999,36.299999,35.370075,4320800
3/8/2018,36.5,36.91,36.099998,36.84,35.89624,4141600
3/9/2018,37.18,37.290001,36.59,37.279999,36.324966,5151300
3/12/2018,37.200001,37.57,36.810001,36.98,36.032654,3977600
3/13/2018,37.32,37.32,36.599998,36.68,35.740341,5419700
3/14/2018,36.98,37.235001,35.994999,36.099998,35.175194,4231800
3/15/2018,36,36.150002,34.490002,34.669998,33.78183,11288300
3/16/2018,34.830002,35.52,34.689999,35.200001,34.298256,13767800
3/19/2018,35.02,35.470001,34.884998,35.259998,34.35672,7071400
3/20/2018,35.41,35.674999,35.299999,35.400002,34.493134,4799800
3/21/2018,35.349998,35.860001,35.299999,35.299999,34.395691,4325100
3/22/2018,34.77,35.119999,33.68,33.73,32.865913,5728000
3/23/2018,33.869999,33.950001,32.470001,32.509998,31.677166,7830300
3/26/2018,33.049999,33.415001,32.610001,33.299999,32.446926,8755000
3/27/2018,33.459999,33.73,32.400002,32.669998,31.833067,5625000
3/28/2018,32.360001,33.709999,32.360001,33.110001,32.261795,8187000
3/29/2018,33.220001,33.669998,32.860001,33.529999,32.671036,5954100
4/2/2018,33.43,33.700001,32.220001,32.66,31.823326,6253000
4/3/2018,32.91,33.514999,32.84,33.43,32.573601,5184700
4/4/2018,32.630001,34,32.630001,33.91,33.041302,4956100
4/5/2018,34.209999,35.34,34.139999,34.799999,33.908504,8173200
4/6/2018,34.299999,34.455002,33.389999,33.810001,32.943859,4349800
4/9/2018,34.16,34.720001,33.810001,33.860001,32.992584,3661700
4/10/2018,34.41,34.555,34.07,34.459999,33.577213,4297800
4/11/2018,34.07,34.650002,33.98,34.240002,33.362846,4217400
4/12/2018,34.59,35.080002,34.540001,34.830002,33.937733,4300900
4/13/2018,35.16,35.290001,33.919998,34.07,33.197201,5729200
4/16/2018,34.450001,34.650002,34.119999,34.470001,33.586956,4857000
4/17/2018,34.830002,35.060001,34.470001,34.57,33.684391,5485300
4/18/2018,34.759998,35.240002,34.689999,34.889999,33.996197,3345900
4/19/2018,34.939999,35.59,34.939999,35.349998,34.444408,5196800
4/20/2018,35.709999,36.209999,34.860001,35.200001,34.298256,10287100
4/23/2018,35.310001,35.439999,34.549999,34.73,33.840294,5856200
4/24/2018,35.09,35.240002,34.105,34.349998,33.470032,7072200
4/25/2018,34.16,34.240002,33.165001,33.290001,32.437187,9411300
4/26/2018,33.310001,33.529999,33.119999,33.299999,32.446926,5990800
4/27/2018,33.299999,33.439999,33.005001,33.110001,32.261795,4503500
4/30/2018,33.27,33.584999,33.16,33.169998,32.320259,3980100
5/1/2018,33.080002,33.150002,32.720001,33.080002,32.232567,4804500
5/2/2018,32.990002,33.41,32.830002,32.93,32.086407,6386000
5/3/2018,32.799999,32.810001,31.84,32.130001,31.306902,5763400
5/4/2018,31.870001,32.75,31.74,32.630001,31.943218,4741000
5/7/2018,32.700001,32.849998,32.48,32.720001,32.031326,4973400
5/8/2018,32.830002,33.349998,32.779999,33.080002,32.383751,6296800
5/9/2018,33.259998,33.84,33.110001,33.73,33.020069,3983000
5/10/2018,33.73,34.116001,33.599998,33.900002,33.186497,3155200
5/11/2018,33.900002,34.43,33.900002,34.110001,33.392067,3282700
5/14/2018,34.290001,34.290001,33.880001,33.939999,33.225647,2471700
5/15/2018,33.650002,34.525002,33.650002,34.209999,33.489964,3675800
5/16/2018,34.299999,34.759998,34.080002,34.59,33.861965,3065900
5/17/2018,34.580002,35,34.470001,34.93,34.194813,3690600
5/18/2018,34.93,35.630001,34.900002,35.439999,34.694073,7236700
5/21/2018,35.599998,35.955002,35.52,35.720001,34.968185,5835600
5/22/2018,35.700001,36.32,35.700001,36.110001,35.349976,4909800
5/23/2018,35.77,36.119999,35.424,36.119999,35.359764,4999500
5/24/2018,35.990002,36.25,35.080002,35.900002,35.144394,5140900
5/25/2018,35.82,35.82,35.419998,35.610001,34.8605,3982500
5/29/2018,35.169998,35.259998,34.185001,34.470001,33.744495,6116300
5/30/2018,34.849998,35.189999,34.665001,35.02,34.282921,4759900
5/31/2018,34.849998,35,34.41,34.630001,33.901127,5582900
6/1/2018,35.16,35.299999,34.790001,35.040001,34.302498,2911500
6/4/2018,35.189999,35.5,35.119999,35.450001,34.703869,1941800
6/5/2018,35.369999,35.450001,34.889999,35,34.263336,4116300
6/6/2018,35.099998,35.580002,34.990002,35.580002,34.831135,4222100
6/7/2018,35.650002,36.075001,35.279999,35.549999,34.801758,4058100
6/8/2018,35.540001,35.57,35.189999,35.450001,34.703869,4143000
6/11/2018,35.509998,35.720001,35.150002,35.259998,34.517864,3265800
6/12/2018,35.450001,35.560001,35.09,35.299999,34.557022,2538800
6/13/2018,35.43,35.549999,34.919998,34.939999,34.204597,3281500
6/14/2018,35.060001,35.380001,34.904999,35.259998,34.517864,3391200
6/15/2018,35.07,35.43,34.700001,35.220001,34.47871,5265100
6/18/2018,35,35.16,34.82,35,34.263336,4159100
6/19/2018,34.630001,34.889999,34.455002,34.810001,34.077339,3130100
6/20/2018,35.029999,35.040001,34.48,34.509998,33.783653,3426700
6/21/2018,34.400002,34.689999,33.849998,34.220001,33.499756,4518100
6/22/2018,34.540001,34.595001,34.07,34.130001,33.411648,6212000
6/25/2018,34.049999,34.169998,33.5,33.82,33.108173,4580100
6/26/2018,33.830002,33.91,33.369999,33.470001,32.765541,4161200
6/27/2018,33.43,33.82,33,33,32.305431,3674300
6/28/2018,32.970001,33.150002,32.549999,33.009998,32.31522,4453600
6/29/2018,33.389999,33.990002,33.32,33.380001,32.677437,5812300
7/2/2018,33.110001,33.84,33.110001,33.84,33.127754,4422100
7/3/2018,33.84,33.93,33.450001,33.5,32.794907,2785600
7/5/2018,33.77,33.91,33.529999,33.599998,32.892803,5194500
7/6/2018,33.599998,33.970001,33.439999,33.700001,32.990696,5520600
7/9/2018,33.900002,34.91,33.880001,34.860001,34.126289,3611200
7/10/2018,34.919998,35.009998,34.755001,34.849998,34.116493,3255000
7/11/2018,34.669998,35.005001,34.639999,34.799999,34.067547,3761300
7/12/2018,34.919998,34.959999,32.610001,32.959999,32.266273,15117300
7/13/2018,32.799999,32.908001,32.110001,32.439999,31.757219,9880000
7/16/2018,32.419998,32.744999,32.41,32.560001,31.874695,5489900
7/17/2018,32.68,33.02,32.580002,32.82,32.129223,4316600
7/18/2018,32.990002,33.540001,32.799999,33.41,32.706802,5236900
7/19/2018,33.189999,33.744999,32.959999,33.240002,32.540379,5496400
7/20/2018,33.130001,33.415001,32.790001,32.810001,32.119434,6293500
7/23/2018,32.970001,33.540001,32.950001,33.509998,32.804699,4444100
7/24/2018,33.790001,34.02,33.470001,33.82,33.108173,4282600
7/25/2018,33.880001,33.880001,33.080002,33.439999,32.736172,5476800
7/26/2018,33.540001,33.599998,29.440001,30,29.368576,23930600
7/27/2018,30.57,30.709999,29.33,29.92,29.290258,15589200
7/30/2018,29.639999,29.965,28.91,29.51,28.888889,18396300
7/31/2018,29.68,29.76,28.639999,28.940001,28.330889,11257600
8/1/2018,29.030001,29.709999,28.9,29.200001,28.585413,13528400
8/2/2018,29.059999,29.73,28.99,29.690001,29.0651,9421300
8/3/2018,29.66,29.916,29.174999,29.85,29.429893,6015200
8/6/2018,29.860001,30.18,29.549999,29.65,29.232708,5713300
8/7/2018,29.83,30.18,29.700001,30.09,29.666515,6388700
8/8/2018,30.08,30.309999,29.959999,30.049999,29.627077,5483000
8/9/2018,30,30.129999,29.733,29.98,29.558064,4755500
8/10/2018,29.65,29.76,29.375,29.41,28.996086,5212900
8/13/2018,29.379999,29.549999,29.145,29.190001,28.779182,4758400
8/14/2018,29.870001,30.030001,29.469999,30.01,29.587643,7830900
8/15/2018,29.67,30.17,29.5,29.860001,29.439753,9945900
8/16/2018,29.84,30.530001,29.84,30.43,30.00173,6904000
8/17/2018,30.43,30.530001,30.16,30.370001,29.942575,4815700
8/20/2018,30.389999,31.225,30.35,31.07,30.632723,6580700
8/21/2018,31.059999,31.469999,30.910999,31.17,30.731316,4878900
8/22/2018,31.110001,31.82,31.08,31.700001,31.253859,6563700
8/23/2018,31.709999,31.870001,31.25,31.27,30.82991,4084700
8/24/2018,31.299999,31.459999,31.209999,31.360001,30.918642,2475900
8/27/2018,31.559999,32.125,31.52,31.83,31.382027,5081900
8/28/2018,31.799999,32.09,31.709999,31.82,31.372168,2674900
8/29/2018,31.93,31.93,31.434999,31.68,31.234138,3369800
8/30/2018,31.610001,31.83,31.530001,31.610001,31.165123,2672600
8/31/2018,31.459999,31.75,31.42,31.67,31.224277,3605800
9/4/2018,31.59,31.915001,31.51,31.879999,31.431322,5077500
9/5/2018,31.9,32.244999,31.85,32.009998,31.55949,6134900
9/6/2018,31.879999,32.154999,31.57,31.799999,31.352448,4590400
9/7/2018,31.780001,31.98,31.66,31.73,31.283434,4745400
9/10/2018,31.73,32.705002,31.73,32.18,31.7271,4905100
9/11/2018,32.029999,32.68,31.92,32.439999,31.983442,4370700
9/12/2018,32.400002,32.540001,32.169998,32.290001,31.835556,3446700
9/13/2018,32.349998,32.465,32.200001,32.209999,31.756678,3420400
9/14/2018,32.299999,32.709999,32.189999,32.59,32.131332,3319800
9/17/2018,32.68,32.903999,32.380001,32.5,32.042599,4169600
9/18/2018,32.599998,33.029999,32.470001,32.98,32.515842,4141700
9/19/2018,33.049999,33.595001,32.959999,33.389999,32.920071,4294100
9/20/2018,33.549999,33.779999,33.439999,33.599998,33.127113,4837100
9/21/2018,33.610001,33.82,33.400002,33.470001,32.998947,9928400
9/24/2018,33.419998,33.52,32.884998,33.040001,32.574997,3547600
9/25/2018,33.169998,33.169998,32.68,32.98,32.515842,3546400
9/26/2018,32.57,32.77,31.844999,31.91,31.460901,4663100
9/27/2018,31.879999,31.98,31.57,31.57,31.125685,3876900
9/28/2018,31.43,31.495001,30.950001,31.08,30.642582,4931200
10/1/2018,31.25,31.799999,31.171,31.48,31.036953,5078100
10/2/2018,31.379999,31.629999,31.059999,31.34,30.898924,4768400
10/3/2018,31.58,32.049999,31.48,31.780001,31.332731,3856300
10/4/2018,31.809999,31.940001,31.290001,31.5,31.056671,3488500
10/5/2018,31.59,31.75,31.225,31.309999,30.869345,2606400
10/8/2018,31.110001,31.565001,30.950001,31.33,30.889065,4522100
10/9/2018,31.15,31.35,30.98,31.15,30.711596,3740800
10/10/2018,31.280001,31.555,30.51,30.52,30.090464,5350500
10/11/2018,30.299999,30.440001,29.51,29.73,29.311583,7268900
10/12/2018,29.959999,30.290001,29.275999,29.84,29.420034,5228400
10/15/2018,29.76,30.030001,29.59,29.73,29.311583,3478900
10/16/2018,29.91,30.219999,29.559999,30.190001,29.765108,2990200
10/17/2018,30.139999,30.440001,29.700001,30.07,29.646797,3659000
10/18/2018,30.040001,30.135,29.445,29.639999,29.222849,5787400
10/19/2018,30.450001,31.74,29.42,31.360001,30.918642,10238100
10/22/2018,31.51,31.57,29.41,29.469999,29.055241,8823500
10/23/2018,28.82,29.68,28.49,29.58,29.163694,7275300
10/24/2018,29.65,29.98,28.5,28.559999,28.158049,6664700
10/25/2018,28.75,29.049999,28.355,28.83,28.424248,6267800
10/26/2018,28.5,28.57,27.709999,27.98,27.586212,7973900
10/29/2018,28.32,28.889999,27.6,28.01,27.615789,5437800
10/30/2018,28.23,28.77,28.09,28.74,28.335514,5082000
10/31/2018,29.030001,29.34,28.75,28.879999,28.473543,4850000
11/1/2018,29.08,29.48,28.91,29.440001,29.025665,4171400
11/2/2018,27.290001,27.32,26.125,26.43,26.245237,18857700
11/5/2018,26.5,27.01,26.43,26.719999,26.533209,5859200
11/6/2018,26.67,27.02,26.35,26.870001,26.682161,8879100
11/7/2018,26.98,27.379999,26.639999,27.35,27.158806,7951600
11/8/2018,27.27,27.575001,27.194,27.48,27.287895,5427000
11/9/2018,27.32,27.98,27.25,27.620001,27.426918,5696400
11/12/2018,27.59,27.780001,27.139999,27.209999,27.019783,3471100
11/13/2018,27.209999,27.99,27.209999,27.65,27.456707,5121000
11/14/2018,27.85,27.93,26.674999,26.92,26.731812,5806300
11/15/2018,26.645,26.65,25.93,26.51,26.324678,9776700
11/16/2018,26.35,26.389999,25.440001,25.91,25.728872,9307200
11/19/2018,25.940001,26.09,25.200001,25.530001,25.351528,6260500
11/20/2018,25.290001,25.82,25.059999,25.32,25.142996,5961500
11/21/2018,25.4,26.059999,25.33,25.66,25.480619,4226000
11/23/2018,25.530001,25.83,25.360001,25.559999,25.381317,2146000
11/26/2018,25.92,26.15,25.809999,25.950001,25.768593,5728500
11/27/2018,25.76,26.129999,25.719999,26.08,25.897684,5870600
11/28/2018,26.059999,26.459999,25.945,26.42,26.235306,4510200
11/29/2018,26.23,26.403999,25.950001,25.969999,25.788452,4391400
11/30/2018,26,26.040001,25.725,25.98,25.798382,5840700
12/3/2018,26.23,26.415001,25.690001,25.809999,25.62957,5591100
12/4/2018,25.66,25.85,24.690001,24.9,24.725931,9313300
12/6/2018,24.530001,25.16,24.51,25.139999,24.964254,8381500
12/7/2018,25.32,25.93,25.209999,25.360001,25.182716,9078500
12/10/2018,25.299999,25.41,24.299999,24.959999,24.785511,9531100
12/11/2018,25.309999,25.5,24.18,24.4,24.229427,6769300
12/12/2018,24.68,25.07,24.469999,24.549999,24.378378,7580600
12/13/2018,24.620001,24.73,24.07,24.18,24.010965,8418000
12/14/2018,23.93,24.67,23.809999,24.1,23.931524,9651300
12/17/2018,24,24.146,23.360001,23.49,23.325788,10344500
12/18/2018,23.639999,23.950001,23.32,23.530001,23.365511,10224900
12/19/2018,23.5,24.049999,23.049999,23.200001,23.037817,7631800
12/20/2018,22.969999,23.545,22.695,22.99,22.829285,7602600
12/21/2018,23,23.389999,22.32,22.5,22.34271,12513100
12/24/2018,22.33,22.940001,21.985001,22.17,22.015017,4457600
12/26/2018,22.16,23.16,21.775,23.139999,22.978235,5392900
12/27/2018,22.799999,23.440001,22.559999,23.42,23.256279,6030100
12/28/2018,23.540001,23.809999,23.15,23.5,23.33572,5934400
12/31/2018,23.52,23.67,22.950001,23.459999,23.295998,7749800
,,,,,,
,,,,,,
,,,,,,
,,,,,,
,,,,,,
,,,,,,
,,,,,,
,,,,,,
,,,,,,
,,,,,,
,,,,,,
,,,,,,
,,,,,,
,,,,,,
,,,,,,
,,,,,,
,,,,,,
,,,,,,
,,,,,,
,,,,,,
,,,,,,
,,,,,,
,,,,,,
,,,,,,
,,,,,,
